Название,Ссылка,Автор,Издательство,Цена,Размер скидки,Старая цена,Наличие
Изучаем Java,https://www.labirint.ru/books/323187/,"Сьерра Кэтти, Бейтс Берт",Эксмо: Мировой компьютерный бестселлер,1 590 ₽,–27% фиксированная,2 178,На складе
Java. Библиотека профессионала. Том 2. Расширенные средства программирования,https://www.labirint.ru/books/732481/,Хорстманн Кей С.,Вильямс,4 840 ₽,–40% фиксированная,8 066,На складе
Алгоритмы на Java,https://www.labirint.ru/books/512969/,"Седжвик Роберт, Уэйн Кевин",Вильямс,6 451 ₽,–40% фиксированная,10 752,На складе
Java. Полное руководство,https://www.labirint.ru/books/660316/,Шилдт Герберт,Вильямс,5 914 ₽,–40% фиксированная,9 856,На складе
Выразительный JavaScript. Современное веб-программирование,https://www.labirint.ru/books/707678/,Хавербеке Марейн,Питер: Для профессионалов,2 197 ₽,–22% фиксированная,2 817,На складе
JavaScript. Полное руководство,https://www.labirint.ru/books/779734/,Флэнаган Дэвид,Вильямс,4 033 ₽,–50% фиксированная,8 066,На складе
Рефакторинг кода на JavaScript. Улучшение проекта существующего кода,https://www.labirint.ru/books/713014/,Фаулер Мартин,Вильямс,4 840 ₽,–40% фиксированная,8 066,Ограничено
Java. Библиотека профессионала. Том 1. Основы,https://www.labirint.ru/books/695676/,Хорстманн Кей С.,Диалектика,4 086 ₽,–40% фиксированная,6 810,На складе
Java. Оптимизация программ. Практические методы повышения производительности приложений в JVM,https://www.labirint.ru/books/688120/,Эванс Бенджамин и др.,Диалектика,3 405 ₽,–50% фиксированная,6 810,На складе
Java. Эффективное программирование,https://www.labirint.ru/books/674797/,Блох Джошуа,Вильямс,4 086 ₽,–40% фиксированная,6 810,На складе
Java. Руководство для начинающих,https://www.labirint.ru/books/671238/,Шилдт Герберт,Диалектика,4 086 ₽,–40% фиксированная,6 810,На складе
Java SE 9. Базовый курс,https://www.labirint.ru/books/643929/,Хорстманн Кей С.,Диалектика,4 086 ₽,–40% фиксированная,6 810,На складе
Секреты JavaScript ниндзя,https://www.labirint.ru/books/612655/,Резиг Джон и др.,Диалектика,4 086 ₽,–40% фиксированная,6 810,На складе
"Создаем динамические веб-сайты с помощью PHP, MySQL, JavaScript, CSS и HTML5",https://www.labirint.ru/books/879297/,Никсон Робин,Питер: Бестселлеры O`Reilly,2 786 ₽,,,На складе
"{Вы пока еще не знаете JS} Познакомьтесь, JavaScript",https://www.labirint.ru/books/823464/,Симпсон Кайл,Питер: Библиотека программиста,1 121 ₽,–22% фиксированная,1 437,На складе
"Spark в действии. С примерами Java, Python и Scala",https://www.labirint.ru/books/784236/,Перрен Жан-Жорж,ДМК-Пресс,3 350 ₽,–40% фиксированная,5 583,На складе
Java для чайников,https://www.labirint.ru/books/633539/,Берд Барри,"Диалектика: Для ""чайников""",2 474 ₽,–40% фиксированная,4 123,На складе
Java. Справочник разработчика,https://www.labirint.ru/books/715697/,"Эванс Бенджамин, Флэнаган Дэвид",Вильямс,3 227 ₽,–40% фиксированная,5 378,Ограничено
Функциональное программирование на JavaScript. Как улучшить код JavaScript-программ,https://www.labirint.ru/books/620557/,Атенсио Луис,Вильямс,3 227 ₽,–40% фиксированная,5 378,На складе
"Алгоритмы. Справочник с примерами на C, C++, Java и Python",https://www.labirint.ru/books/590528/,Хайнеман Джордж и др.,Вильямс,3 227 ₽,–40% фиксированная,5 378,На складе
"JavaScript. Картинки, галереи, слайдеры. Учебное пособие для вузов",https://www.labirint.ru/books/879343/,Янцев Валерий Викторович,Лань: Компьютеры и программное обеспечение,3 017 ₽,–40% фиксированная,5 029,На складе
"JavaScript. Картинки, галереи, слайдеры. Учебное пособие для СПО",https://www.labirint.ru/books/879344/,Янцев Валерий Викторович,Лань: Компьютеры и программное обеспечение,3 017 ₽,–40% фиксированная,5 029,На складе
Программирование на Clojure,https://www.labirint.ru/books/612989/,Эмерик Чаз и др.,ДМК-Пресс: Функциональное программирование,2 373 ₽,–50% фиксированная,4 746,На складе
Программирование в Clojure. Практика применения Lisp в мире Java,https://www.labirint.ru/books/483189/,Эмерик Чаз и др.,ДМК-Пресс: Функциональное программирование,2 848 ₽,–40% фиксированная,4 746,На складе
Java. Полное руководство,https://www.labirint.ru/books/901986/,Шилдт Герберт,Вильямс,4 086 ₽,–40% фиксированная,6 810,На складе
JavaScript для глубокого обучения. TensorFlow.js,https://www.labirint.ru/books/811390/,Шолле Франсуа и др.,Питер: Библиотека программиста,3 545 ₽,–22% фиксированная,4 545,На складе
Изучаем JavaScript. Руководство по созданию современных веб-сайтов,https://www.labirint.ru/books/590530/,Браун Этан,Вильямс,2 062 ₽,–50% фиксированная,4 123,Ограничено
"Эффективный Java. Тюнинг кода на Java 8, 11 и дальше",https://www.labirint.ru/books/789634/,Оукс Скотт,Питер: Бестселлеры O`Reilly,3 244 ₽,–22% фиксированная,4 159,На складе
Современный JavaScript для нетерпеливых,https://www.labirint.ru/books/771292/,Хорстман Кэй С.,ДМК-Пресс,1 841 ₽,–40% фиксированная,3 069,На складе
JavaScript и PHP. Content management system + Электронное приложение. Учебное пособие,https://www.labirint.ru/books/907454/,Янцев Валерий Викторович,Лань: Компьютеры и программное обеспечение,2 264 ₽,–40% фиксированная,3 774,На складе
JavaScript и PHP. Content management system + Электронное приложение. Учебное пособие,https://www.labirint.ru/books/907458/,Янцев Валерий Викторович,Лань: Компьютеры и программное обеспечение,2 264 ₽,–40% фиксированная,3 774,Ограничено
JavaScript. Креативное программирование. Учебное пособие для вузов,https://www.labirint.ru/books/938321/,Янцев Валерий Викторович,Лань: Компьютеры и программное обеспечение,2 206 ₽,–40% фиксированная,3 676,На складе
Java для IT-профессий. Учебник,https://www.labirint.ru/books/937658/,Дирк Харди,Фолиант: Учебная литература,3 676 ₽,,,На складе
Многопоточный JavaScript,https://www.labirint.ru/books/854897/,"Хантер Томас II, Инглиш Брайан",ДМК-Пресс,2 177 ₽,–40% фиксированная,3 628,На складе
Предметно-ориентированное проектирование в Enterprise Java,https://www.labirint.ru/books/749472/,Наир Виджей,ДМК-Пресс,2 177 ₽,–40% фиксированная,3 628,Ограничено
JavaScript. Визуальные редакторы. Учебное пособие для СПО,https://www.labirint.ru/books/855003/,Янцев Валерий Викторович,Лань: Компьютеры и программное обеспечение,2 173 ₽,–40% фиксированная,3 621,На складе
Java. Руководство для начинающих,https://www.labirint.ru/books/940838/,Шилдт Герберт,Вильямс,3 227 ₽,–40% фиксированная,5 378,На складе
Философия Java,https://www.labirint.ru/books/464095/,Эккель Брюс,Питер: Классика computer science,3 388 ₽,,,На складе
JavaScript.Как писать программы.Учебное пособие для вузов,https://www.labirint.ru/books/845328/,Янцев Валерий Викторович,Лань: Компьютеры и программное обеспечение,2 080 ₽,–40% фиксированная,3 467,Ограничено
Программируем на Java,https://www.labirint.ru/books/900474/,Лой Марк и др.,Питер: Бестселлеры O`Reilly,2 836 ₽,–22% фиксированная,3 636,На складе
"Создаем динамические веб-сайты с помощью PHP, MySQL, JavaScript, CSS и HTML5",https://www.labirint.ru/books/674027/,Никсон Робин,Питер: Бестселлеры O`Reilly,2 766 ₽,–22% фиксированная,3 546,На складе
Изучаем программирование на JavaScript,https://www.labirint.ru/books/473786/,"Фримен Эрик, Робсон Элизабет",Питер: Head First (O'Reilly),2 735 ₽,–22% фиксированная,3 506,На складе
Бессерверные приложения на JavaScipt,https://www.labirint.ru/books/723475/,"Стоянович Слободан, Симович Александар",ДМК-Пресс,1 605 ₽,–50% фиксированная,3 209,На складе
JavaScript. Креативное программирование. Учебное пособие,https://www.labirint.ru/books/938322/,Янцев Валерий Викторович,Лань: Компьютеры и программное обеспечение,1 919 ₽,–40% фиксированная,3 198,Ограничено
JavaScript. Визуальные редакторы. Учебное пособие для вузов,https://www.labirint.ru/books/855004/,Янцев Валерий Викторович,Лань: Компьютеры и программное обеспечение,1 599 ₽,–50% фиксированная,3 198,Ограничено
JavaScript. Обработка событий на примерах. Учебное пособие,https://www.labirint.ru/books/821292/,Янцев Валерий Викторович,Лань: Компьютеры и программное обеспечение,1 919 ₽,–40% фиксированная,3 198,На складе
JavaScript. Обработка событий на примерах. Учебное пособие для СПО,https://www.labirint.ru/books/821148/,Янцев Валерий Викторович,Лань: Компьютеры и программное обеспечение,1 919 ₽,–40% фиксированная,3 198,Ограничено
Java Concurrency на практике,https://www.labirint.ru/books/736625/,Гетц Брайан и др.,Питер: Для профессионалов,1 841 ₽,–22% фиксированная,2 360,На складе
Система модулей Java,https://www.labirint.ru/books/778139/,Парлог Николай,Питер: Для профессионалов,2 558 ₽,–22% фиксированная,3 279,На складе
Тестирование JavaScript,https://www.labirint.ru/books/900473/,Коста Лукас да,Питер: Библиотека программиста,2 547 ₽,–22% фиксированная,3 265,На складе
"Стильный Java. Код, который работает всегда и везде",https://www.labirint.ru/books/789120/,Фаэлла Марко,Питер: Библиотека программиста,2 430 ₽,–22% фиксированная,3 116,На складе
JavaScript.Как писать программы Учебное пособие для СПО,https://www.labirint.ru/books/845329/,Янцев Валерий Викторович,Лань: Компьютеры и программное обеспечение,1 705 ₽,–40% фиксированная,2 842,На складе
Java 9. Полный обзор нововведений,https://www.labirint.ru/books/615911/,Кишори Шаран,ДМК-Пресс: Программирование,1 676 ₽,–40% фиксированная,2 793,На складе
Javascript и jQuery. Интерактивная веб-разработка,https://www.labirint.ru/books/583161/,Дакетт Джон,Эксмо: Мировой компьютерный бестселлер,2 165 ₽,–27% фиксированная,2 966,На складе
Введение в веб-разработку на языке JavaScript. Учебное пособие,https://www.labirint.ru/books/704351/,Государев Илья Борисович,Лань: Учебники для вузов. Специальная литература,1 640 ₽,–40% фиксированная,2 733,Ограничено
JavaScript для чайников,https://www.labirint.ru/books/700943/,"Минник Крис, Холланд Ева","Диалектика: Для ""чайников""",1 613 ₽,–40% фиксированная,2 688,Ограничено
Java за 24 часа,https://www.labirint.ru/books/678097/,Кейденхед Роджерс,Диалектика,1 613 ₽,–40% фиксированная,2 688,На складе
Java. Карманный справочник,https://www.labirint.ru/books/636887/,"Лигуори Роберт, Лигуори Патрисия",Диалектика,1 613 ₽,–40% фиксированная,2 688,На складе
JavaScript с нуля до профи,https://www.labirint.ru/books/939960/,Свекис Лоренс Ларс и др.,Питер: Библиотека программиста,2 268 ₽,–22% фиксированная,2 908,На складе
Структуры данных и алгоритмы в Java. Классика Computers Science,https://www.labirint.ru/books/288827/,Лафоре Роберт,Питер: Классика computer science,2 830 ₽,–22% фиксированная,3 628,На складе
JavaScript. Готовые программы. Учебное пособие,https://www.labirint.ru/books/795547/,Янцев Валерий Викторович,Лань: Компьютеры и программное обеспечение,1 439 ₽,–40% фиксированная,2 398,Ограничено
Web-программирование на JavaScript. Учебное пособие для СПО,https://www.labirint.ru/books/786072/,Диков Андрей Валентинович,Лань: Компьютеры и программное обеспечение,1 391 ₽,–40% фиксированная,2 319,На складе
"Программирование для детей. Учимся создавать сайты, приложения и игры. HTML, CSS и JavaScript",https://www.labirint.ru/books/621937/,Уитни Дэвид,Питер: Вы и ваш ребенок,1 391 ₽,–22% фиксированная,1 783,На складе
Новые возможности JavaScript. Как написать чистый код по всем правилам современного языка,https://www.labirint.ru/books/936301/,Краудер Ти Джей,Бомбора: Мировой компьютерный бестселлер,1 772 ₽,–27% фиксированная,2 427,На складе
Современный Java. Рецепты программирования,https://www.labirint.ru/books/638778/,Коузен Кен,ДМК-Пресс,1 340 ₽,–40% фиксированная,2 233,На складе
Клиентские технологии веб-программирования: JavaScript и DOM,https://www.labirint.ru/books/730281/,Диков Андрей Валентинович,Лань: Учебники для вузов. Специальная литература,1 295 ₽,–40% фиксированная,2 159,Ограничено
JavaScript. Готовые программы. СПО,https://www.labirint.ru/books/795550/,Янцев Валерий Викторович,Лань: Компьютеры и программное обеспечение,1 280 ₽,–40% фиксированная,2 133,На складе
Spring Boot по-быстрому,https://www.labirint.ru/books/865463/,Хеклер Марк,Питер: Бестселлеры O`Reilly,2 397 ₽,–22% фиксированная,3 073,Ограничено
Java Persistence API и Hibernate,https://www.labirint.ru/books/659623/,Бауэр Кристиан и др.,ДМК-Пресс,1 535 ₽,–50% фиксированная,3 069,На складе
Профессиональный TypeScript. Разработка масштабируемых JavaScript-приложений,https://www.labirint.ru/books/768691/,Черный Борис,Питер: Бестселлеры O`Reilly,1 700 ₽,–22% фиксированная,2 179,На складе
JavaScript. Карманный справочник,https://www.labirint.ru/books/695677/,Флэнаган Дэвид,Диалектика,1 183 ₽,–40% фиксированная,1 972,На складе
Визуализация данных с помощью библиотеки D3.js 4.x,https://www.labirint.ru/books/604319/,"Рининсланд Эндрю, Свизек Теллер",ДМК-Пресс,1 172 ₽,–40% фиксированная,1 953,Ограничено
Обработка естественного языка на Java,https://www.labirint.ru/books/510714/,Риз Ричард,ДМК-Пресс,1 172 ₽,–40% фиксированная,1 953,На складе
Микросервисы. Паттерны разработки и рефакторинга,https://www.labirint.ru/books/707677/,Ричардсон Крис,Питер: Библиотека программиста,2 128 ₽,–22% фиксированная,2 728,На складе
Классические задачи Computer Science на языке Java,https://www.labirint.ru/books/825303/,Копец Дэвид,Питер: Библиотека программиста,1 545 ₽,–22% фиксированная,1 981,На складе
JavaScript с нуля,https://www.labirint.ru/books/808147/,Чиннатамби Кирупа,Питер: Библиотека программиста,1 545 ₽,–22% фиксированная,1 981,На складе
Разработка обслуживаемых программ на языке Java,https://www.labirint.ru/books/562035/,Виссер Джуст,ДМК-Пресс,1 088 ₽,–40% фиксированная,1 813,Ограничено
Лямбда-выражения в Java 8. Функциональное программирование - в массы,https://www.labirint.ru/books/442834/,Уорбэртон Ричард,ДМК-Пресс: Функциональное программирование,1 004 ₽,–40% фиксированная,1 674,На складе
Разработка приложений Java EE 6 в NetBeans 7,https://www.labirint.ru/books/378980/,Хеффельфингер Дэвид,ДМК-Пресс,1 004 ₽,–40% фиксированная,1 674,На складе
Java EE 7. Основы,https://www.labirint.ru/books/512896/,Гупта Арун,Вильямс,968 ₽,–40% фиксированная,1 613,Ограничено
Java. Эффективное программирование,https://www.labirint.ru/books/420115/,Блох Джошуа,Лори,773 ₽,–50% фиксированная,1 546,На складе
JavaScript и jQuery. Исчерпывающее руководство,https://www.labirint.ru/books/498957/,Макфарланд Дэвид,Эксмо: Мировой компьютерный бестселлер,1 772 ₽,–27% фиксированная,2 427,На складе
South by Java Head,https://www.labirint.ru/books/898254/,MacLean Alistair,Harpercollins,810 ₽,–45% фиксированная,1 473,Ограничено
Руководство для программиста на Java. 75 рекомендаций по написанию надежных и защищенных программ,https://www.labirint.ru/books/512906/,Лонг Фрэд и др.,Вильямс,861 ₽,–40% фиксированная,1 435,Ограничено
"Как написать безопасный код на С++, Java, Perl, PHP, ASP.NET",https://www.labirint.ru/books/417792/,Ховард Майкл и др.,ДМК-Пресс,837 ₽,–40% фиксированная,1 395,На складе
JavaScript в примерах и задачах,https://www.labirint.ru/books/602321/,,Эксмо-Пресс: Российский компьютерный бестселлер,1 062 ₽,–27% фиксированная,1 455,На складе
Гид Java-разработчика. Проектно-ориентированный подход,https://www.labirint.ru/books/834110/,"Урма Рауль-Габриэль, Уорбэртон Ричард",Бомбора: Мировой компьютерный бестселлер,819 ₽,–27% фиксированная,1 122,На складе
Программирование на Java для начинающих,https://www.labirint.ru/books/585080/,Васильев Алексей Николаевич,Эксмо-Пресс: Российский компьютерный бестселлер,1 117 ₽,–27% фиксированная,1 530,На складе
Технологии программирования на Java 2. Распределенные приложения,https://www.labirint.ru/books/273130/,Дейтел Харви и др.,Бином,562 ₽,–40% фиксированная,937,На складе
Java SE 8. Вводный курс,https://www.labirint.ru/books/512897/,Хорстманн Кей С.,Вильямс,968 ₽,–40% фиксированная,1 613,Ограничено
Легкий способ выучить Java,https://www.labirint.ru/books/692846/,Пейн Брайсон,Бомбора: Мировой компьютерный бестселлер,1 062 ₽,–27% фиксированная,1 455,На складе
Разработка игр на языке JavaScript. Учебное пособие,https://www.labirint.ru/books/951656/,Беляев Сергей Алексеевич,Лань: Компьютеры и программное обеспечение,870 ₽,–40% фиксированная,1 450,На складе
"97 вещей, о которых должен знать каждый Java-программист",https://www.labirint.ru/books/955617/,Хенни Кевлин,Бомбора: Мировой компьютерный бестселлер,965 ₽,–27% фиксированная,1 322,Предзаказ. Июнь
JavaScript для начинающих,https://www.labirint.ru/books/883430/,МакГрат Майк,Бомбора: Мировой компьютерный бестселлер (обложка),965 ₽,–27% фиксированная,1 322,На складе
Разработка игр на языке JavaScript. Учебное пособие,https://www.labirint.ru/books/771559/,Беляев Сергей Алексеевич,Лань: Компьютеры и программное обеспечение,525 ₽,–40% фиксированная,875,На складе
Технология Java Card для смарт-карт. Архитектура и руководство программиста,https://www.labirint.ru/books/939567/,Чен Жикун,Техносфера: Мир программирования,228 ₽,–50% фиксированная,456,На складе
"Раньше у меня была жизнь, а теперь у меня дети. Хроники неидеального материнства",https://www.labirint.ru/books/649487/,Корнберг Анзель Кандис,"Бомбора: Книги, о которых говорят",280 ₽,–27% фиксированная,384,Ограничено
"Computer Science. Основы программирования на Java, ООП, алгоритмы и структуры данных",https://www.labirint.ru/books/633862/,"Седжвик Роберт, Уэйн Кевин",Питер,3 437 ₽,,,Ожидается
Модернизация Java Enterprise. Облачные технологии для разработчиков,https://www.labirint.ru/books/956023/,,Питер: Бестселлеры O`Reilly,2 710 ₽,,,Ожидается
"Гибкая разработка программ на Java и C++. Принципы, паттерны и методики",https://www.labirint.ru/books/565917/,Мартин Роберт С.,Диалектика,Нет в продаже,,,Отсутствует
Java. Библиотека профессионала. Том 2. Расширенные средства программирования,https://www.labirint.ru/books/603633/,Хорстманн Кей С.,Вильямс,Нет в продаже,,,Отсутствует
Java 8. Полное руководство,https://www.labirint.ru/books/512917/,Шилдт Герберт,Вильямс,Нет в продаже,,,Отсутствует
JavaScript для профессиональных веб-разработчиков,https://www.labirint.ru/books/820375/,Фрисби Мэтт,Питер: Для профессионалов,Нет в продаже,,,Отсутствует
Java. Библиотека профессионала. Том 1. Основы,https://www.labirint.ru/books/546466/,Хорстманн Кей С.,Вильямс,Нет в продаже,,,Отсутствует
Язык программирования Java SE 8. Подробное описание,https://www.labirint.ru/books/512952/,Стил Гай и др.,Вильямс,Нет в продаже,,,Отсутствует
Java. Библиотека профессионала. Том 2. Расширенные средства программирования,https://www.labirint.ru/books/512965/,"Хорстманн Кей С., Корнелл Гари",Вильямс,Нет в продаже,,,Отсутствует
Java. Библиотека профессионала. Том 1. Основы,https://www.labirint.ru/books/512919/,"Хорстманн Кей С., Корнелл Гари",Вильямс,Нет в продаже,,,Отсутствует
"Веб-дизайн для начинающих. HTML, CSS, JavaScript и веб-графика",https://www.labirint.ru/books/797578/,Роббинс Дженнифер Нидерст,BHV,Нет в продаже,,,Отсутствует
"Разработка на JavaScript. Построение кроссплатформенных приложений с помощью GraphQL, React",https://www.labirint.ru/books/814493/,Скотт Адам Д.,Питер: Бестселлеры O`Reilly,Нет в продаже,,,Отсутствует
"Современный язык Java. Лямбда-выражения, потоки и функциональное программирование",https://www.labirint.ru/books/719645/,Урма Рауль-Габриэль и др.,Питер: Для профессионалов,Нет в продаже,,,Отсутствует
JavaScript для профессионалов,https://www.labirint.ru/books/518950/,Резиг Джон и др.,Вильямс,Нет в продаже,,,Отсутствует
Java 8. Руководство для начинающих,https://www.labirint.ru/books/512918/,Шилдт Герберт,Вильямс,Нет в продаже,,,Отсутствует
"Dr. Strange, Surgeon Supreme. Vol. 1. Under The Knife",https://www.labirint.ru/books/828358/,"Waid Mark, Walker Key",Marvel,Нет в продаже,,,Отсутствует
Веб-разработка с применением Node и Express. Полноценное использование стека JavaScript,https://www.labirint.ru/books/789635/,Браун Итан,Питер: Бестселлеры O`Reilly,Нет в продаже,,,Отсутствует
Секреты JavaScript ниндзя,https://www.labirint.ru/books/512943/,"Резиг Джон, Бибо Беэр",Вильямс,Нет в продаже,,,Отсутствует
Программирование на Java,https://www.labirint.ru/books/455727/,"Нимейер Патрик, Леук Дэниэл",Эксмо: Мировой компьютерный бестселлер,Нет в продаже,,,Отсутствует
"HTML5, CSS3 и JavaScript. Исчерпывающее руководство (+DVD)",https://www.labirint.ru/books/430610/,Роббинс Дженнифер,Эксмо: Мировой компьютерный бестселлер,Нет в продаже,,,Отсутствует
Java. Решение практических задач,https://www.labirint.ru/books/805900/,Леонард Анджел,BHV: Учебная литература для ВУЗов,Нет в продаже,,,Отсутствует
Java Persistence API и Hibernate,https://www.labirint.ru/books/596462/,Бауэр Кристиан и др.,ДМК-Пресс,Нет в продаже,,,Отсутствует
"Java в облаке. Spring Boot, Spring Cloud, Cloud Foundry",https://www.labirint.ru/books/658776/,"Лонг Джош, Бастани Кеннет",Питер: Бестселлеры O`Reilly,Нет в продаже,,,Отсутствует
JavaScript и Node.js для веб-разработчиков,https://www.labirint.ru/books/832633/,"Прохоренок Николай Анатольевич, Дронов Владимир Александрович",BHV: Профессиональное программирование,Нет в продаже,,,Отсутствует
Java SE 8. Базовый курс,https://www.labirint.ru/books/512964/,Хорстманн Кей С.,Вильямс,Нет в продаже,,,Отсутствует
JavaScript для профессиональных веб-разработчиков,https://www.labirint.ru/books/480322/,Закас Николас,Питер: Для профессионалов,Нет в продаже,,,Отсутствует
Проектирование и разработка WEB-приложений. Введение в frontend и backend разработку на JavaScript,https://www.labirint.ru/books/692859/,"Заяц Анатолий Моисеевич, Васильев Николай Павлович",Лань: Учебники для вузов. Специальная литература,Нет в продаже,,,Отсутствует
gRPC. Запуск и эксплуатация облачных приложений. Go и Java для Docker и Kubernetes,https://www.labirint.ru/books/789636/,"Индрасири Касун, Курупу Данеш",Питер: Бестселлеры O`Reilly,Нет в продаже,,,Отсутствует
Java для начинающих. Объектно-ориентированный подход,https://www.labirint.ru/books/617526/,Бэзинс Барт и др.,Питер: Библиотека программиста,Нет в продаже,,,Отсутствует
JavaFX,https://www.labirint.ru/books/724693/,Прохоренок Николай Анатольевич,BHV: В подлиннике,Нет в продаже,,,Отсутствует
"HTML, JavaScript, PHP и MySQL. Джентльм.наб. Изд.5",https://www.labirint.ru/books/670226/,"Дронов Владимир Александрович, Прохоренок Николай Анатольевич",BHV: Профессиональное программирование,Нет в продаже,,,Отсутствует
Основы Java,https://www.labirint.ru/books/709199/,Прохоренок Николай Анатольевич,BHV,Нет в продаже,,,Отсутствует
JavaScript для профессионалов,https://www.labirint.ru/books/726666/,Резиг Джон и др.,Диалектика,Нет в продаже,,,Отсутствует
Программирование на Javascript для чайников,https://www.labirint.ru/books/695681/,"Минник Крис, Холланд Ева","Диалектика: Для ""чайников""",Нет в продаже,,,Отсутствует
JavaServer Faces. Библиотека профессионала,https://www.labirint.ru/books/512862/,"Хорстманн Кей С., Гери Дэвид М.",Вильямс,Нет в продаже,,,Отсутствует
Java 2. Библиотека профессионала. Том 1. Основы,https://www.labirint.ru/books/512876/,"Хорстманн Кей С., Корнелл Гари",Вильямс,Нет в продаже,,,Отсутствует
"MATLAB. Программирование на С++, С#, Java и VBA",https://www.labirint.ru/books/476937/,Смоленцев Николай Константинович,ДМК-Пресс,Нет в продаже,,,Отсутствует
"Создаем динамические веб-сайты с помощью PHP, MySQL, JavaScript, CSS и HTML5",https://www.labirint.ru/books/540282/,Никсон Робин,Питер: Бестселлеры O`Reilly,Нет в продаже,,,Отсутствует
Изучаем Java EE. Современное программирование для больших предприятий,https://www.labirint.ru/books/651967/,Дашнер Себастьян,Питер: Для профессионалов,Нет в продаже,,,Отсутствует
Java EE 7 и сервер приложений GlassFish 4,https://www.labirint.ru/books/497081/,Хеффельфингер Дэвид,ДМК-Пресс,Нет в продаже,,,Отсутствует
Разработка приложений Java EE 7 в NetBeans 8,https://www.labirint.ru/books/495549/,Хеффельфингер Дэвид,ДМК-Пресс,Нет в продаже,,,Отсутствует
Изучаем Java EE 7,https://www.labirint.ru/books/444058/,Гонсалвес Энтони,Питер,Нет в продаже,,,Отсутствует
Как устроен JavaScript,https://www.labirint.ru/books/702248/,Крокфорд Дуглас,Питер: Для профессионалов,Нет в продаже,,,Отсутствует
"Создаем динамические веб-сайты с помощью PHP, MySQL, JavaScript, CSS и HTML5",https://www.labirint.ru/books/469029/,Никсон Робин,Питер: Бестселлеры O`Reilly,Нет в продаже,,,Отсутствует
Программирование в Clojure. Практика применения Lisp в мире Java,https://www.labirint.ru/books/392454/,Эмерик Чаз и др.,ДМК-Пресс: Функциональное программирование,Нет в продаже,,,Отсутствует
Создание приложений для Windows 8 с использованием HTML5 и JavaScript,https://www.labirint.ru/books/381227/,Вальтер Штефен,ДМК-Пресс: Нажми на кнопку!,Нет в продаже,,,Отсутствует
Элегантные объекты. Java Edition,https://www.labirint.ru/books/654837/,Бугаенко Егор,Питер: Библиотека программиста,Нет в продаже,,,Отсутствует
JavaScript для любознательных,https://www.labirint.ru/books/570521/,"Минник Крис, Холланд Ева","Диалектика: Для ""чайников""",Нет в продаже,,,Отсутствует
JavaScript для чайников,https://www.labirint.ru/books/529151/,"Холланд Ева, Минник Крис","Диалектика: Для ""чайников""",Нет в продаже,,,Отсутствует
"Java 8 для ""чайников""",https://www.labirint.ru/books/513051/,Берд Барри,"Диалектика: Для ""чайников""",Нет в продаже,,,Отсутствует
Основы Java,https://www.labirint.ru/books/599015/,Прохоренок Николай Анатольевич,BHV,Нет в продаже,,,Отсутствует
JavaScript для детей. Самоучитель по программированию,https://www.labirint.ru/books/551756/,Морган Ник,"Манн, Иванов и Фербер: Для детей. Самоучитель по программированию",Нет в продаже,,,Отсутствует
Программирование  WEB-приложений на языке Java,https://www.labirint.ru/books/189138/,Курняван Буди,Лори: Компьютерная литература,Нет в продаже,,,Отсутствует
"Создание web-приложений на языке Java с помощью сервлетов, JSP и EJB",https://www.labirint.ru/books/186954/,Курняван Буди,Лори:,Нет в продаже,,,Отсутствует
Интерфейс JNI. Руководство по программированию и спецификация,https://www.labirint.ru/books/435404/,Шенг Лиэнг,ДМК-Пресс,Нет в продаже,,,Отсутствует
Java для всех,https://www.labirint.ru/books/716906/,Васильев Алексей,Питер: Библиотека программиста,Нет в продаже,,,Отсутствует
JavaScript. Карманный справочник,https://www.labirint.ru/books/512920/,Флэнаган Дэвид,Вильямс,Нет в продаже,,,Отсутствует
Java EE 6 и сервер приложений GlassFish 3,https://www.labirint.ru/books/378978/,Хеффельфингер Дэвид,ДМК-Пресс,Нет в продаже,,,Отсутствует
Java. Быстрый старт,https://www.labirint.ru/books/793070/,Чан Джейми,Питер: Библиотека программиста,Нет в продаже,,,Отсутствует
Алгоритмы и структуры данных. Извлечение информации на языке Java,https://www.labirint.ru/books/647974/,Доуни Аллен Б.,Питер: Бестселлеры O`Reilly,Нет в продаже,,,Отсутствует
JavaScript. Дополнительные уроки для начинающих,https://www.labirint.ru/books/818553/,Дронов Валерий Александрович,BHV: Для Начинающих,Нет в продаже,,,Отсутствует
JavaScript. 20 уроков для начинающих,https://www.labirint.ru/books/758118/,Дронов Владимир Александрович,BHV: Для Начинающих,Нет в продаже,,,Отсутствует
Программирование для детей. Пять самых крутых игр на HTML и JavaScript,https://www.labirint.ru/books/722960/,Уитни Дэвид,Питер: Программирование для детей,Нет в продаже,,,Отсутствует
Самоучитель Java 7,https://www.labirint.ru/books/363619/,"Льюис Дирк, Мюллер Петер",BHV: Самоучитель,Нет в продаже,,,Отсутствует
Java 8. Карманный справочник,https://www.labirint.ru/books/512963/,"Лигуори Роберт, Лигуори Патрисия",Вильямс,Нет в продаже,,,Отсутствует
"Полный справочник по HTML, CSS и JavaScript",https://www.labirint.ru/books/151680/,"Исси Коэн Лазаро, Исси Коэн Джозеф",Эком: Справочник профессионала,Нет в продаже,,,Отсутствует
JavaScript и jQuery. Исчерпывающее руководство (+DVD),https://www.labirint.ru/books/354388/,Макфарланд Дэвид,Эксмо: Мировой компьютерный бестселлер,Нет в продаже,,,Отсутствует
CoffeeScript. Второе дыхание JavaScript,https://www.labirint.ru/books/353628/,Бейтс Марк,ДМК-Пресс: Профессиональное программирование,Нет в продаже,,,Отсутствует
Учимся кодить на JavaScript,https://www.labirint.ru/books/697902/,Мориц Джереми,Питер: Вы и ваш ребенок,Нет в продаже,,,Отсутствует
Java. Объектно-ориентированное программирование: Учебное пособие,https://www.labirint.ru/books/253396/,Васильев Алексей Николаевич,Питер: Учебное пособие,Нет в продаже,,,Отсутствует
Java. Новое поколение разработки. Техники Java 7 и многоязычное программирование,https://www.labirint.ru/books/419063/,"Эванс Бенджамин, Вербург Мартин",Питер,Нет в продаже,,,Отсутствует
OpenCV и Java. Обработка изображений и компьютерное зрение,https://www.labirint.ru/books/633392/,Прохоренок Николай Анатольевич,BHV: Профессиональное программирование,Нет в продаже,,,Отсутствует
Java 7,https://www.labirint.ru/books/307662/,Хабибуллин Ильдар Шаукатович,BHV: В подлиннике,Нет в продаже,,,Отсутствует
Java 2. Библиотека профессионала. Т.2.  Тонкости программирования,https://www.labirint.ru/books/231510/,"Хорстманн Кей С., Корнелл Гари",Вильямс:,Нет в продаже,,,Отсутствует
Java EE. Паттерны проектирования для профессионалов,https://www.labirint.ru/books/506923/,"Йенер Мурат, Фидом Алекс",Питер,Нет в продаже,,,Отсутствует
Язык программирования Java и среда NetBeans +DVD,https://www.labirint.ru/books/267975/,Монахов Вадим Валерьевич,BHV: Мастер решений,Нет в продаже,,,Отсутствует
Изучаем программирование на HTML5. Создание веб-приложений с использованием JavaScript,https://www.labirint.ru/books/365029/,"Фримен Эрик, Робсон Элизабет",Питер: Head First (O'Reilly),Нет в продаже,,,Отсутствует
Философия Java. Библиотека программиста,https://www.labirint.ru/books/291468/,Эккель Брюс,Питер: Библиотека программиста,Нет в продаже,,,Отсутствует
Java. Indonesien. 2. 1:650 000,https://www.labirint.ru/books/397873/,,Reise Know-How,Нет в продаже,,,Отсутствует
Разработка корпоративных приложений на JAVA в Groovy и Grails,https://www.labirint.ru/books/322398/,Башар Абдул-Джавад,ДМК-Пресс,Нет в продаже,,,Отсутствует
Философия Java. Библиотека программиста,https://www.labirint.ru/books/179479/,Эккель Брюс,Питер: Библиотека программиста,Нет в продаже,,,Отсутствует
Java-2. В двух томах,https://www.labirint.ru/books/155061/,Хортон Айвор,Лори: Компьютерная литература,Нет в продаже,,,Отсутствует
"HTML, JavaScript, PHP, и MySQL. Джентельментский набор Web-мастера (+СD)",https://www.labirint.ru/books/267915/,Прохоренок Николай Анатольевич,BHV: Профессиональное программирование,Нет в продаже,,,Отсутствует
Изучаем JavaScript,https://www.labirint.ru/books/311246/,Моррисон Майкл,Питер: Head First (O'Reilly),Нет в продаже,,,Отсутствует
Самоучитель Java,https://www.labirint.ru/books/268197/,Хабибуллин Ильдар Шаукатович,BHV: Самоучитель,Нет в продаже,,,Отсутствует
Google App Engine Java и Google Web Toolkit. Разработка Web-приложений,https://www.labirint.ru/books/413343/,Машнин Тимур Сергеевич,BHV: Профессиональное программирование,Нет в продаже,,,Отсутствует
JavaScript для FrontEnd-разработчиков. Написание. Тестировние. Развертывание,https://www.labirint.ru/books/722935/,Кириченко Андрей Валентинович,Наука и Техника,Нет в продаже,,,Отсутствует
Самоучитель Java с примерами и программами,https://www.labirint.ru/books/606741/,Васильев А. Н.,Наука и Техника: Самоучитель.,Нет в продаже,,,Отсутствует
Web-сервисы Java,https://www.labirint.ru/books/311711/,Машнин Тимур Сергеевич,BHV: Профессиональное программирование,Нет в продаже,,,Отсутствует
"HTML, JavaScript, PHP и MySQL. Джентльменский набор Web-мастера",https://www.labirint.ru/books/489115/,"Дронов Владимир Александрович, Прохоренок Николай Анатольевич",BHV: Профессиональное программирование,Нет в продаже,,,Отсутствует
Самоучитель Java с примерами и программами,https://www.labirint.ru/books/535899/,Васильев А. Н.,Наука и Техника: Самоучитель.,Нет в продаже,,,Отсутствует
JavaScript и AJAX в Web-дизайне,https://www.labirint.ru/books/308078/,Дронов Владимир Александрович,BHV: В подлиннике,Нет в продаже,,,Отсутствует
"Динамические сайты на HTML, CSS, JavaScript и Bootstrap",https://www.labirint.ru/books/653502/,"Кириченко Андрей Валентинович, Дубовик Е. В.",Наука и Техника,Нет в продаже,,,Отсутствует
Oracle. Программирование на языке Java,https://www.labirint.ru/books/151980/,Соломон Мартин и др.,Лори: Компьютерная литература,Нет в продаже,,,Отсутствует
Разработка игр на языке JavaScript. Учебное пособие,https://www.labirint.ru/books/516013/,Беляев Сергей Алексеевич,Лань: Учебники для вузов. Специальная литература,Нет в продаже,,,Отсутствует
Node.js Разработка серверных веб-приложений на JavaScript,https://www.labirint.ru/books/403733/,Хэррон Дэвид,ДМК-Пресс: Профессиональная серия программиста,Нет в продаже,,,Отсутствует
"Создаем динамические веб-сайты с помощью PHP, MySQL, JavaScript и CSS",https://www.labirint.ru/books/333495/,Никсон Робин,Питер: Бестселлеры O`Reilly,Нет в продаже,,,Отсутствует
Разработка приложений для Windows 8 на HTML5 и JavaScript,https://www.labirint.ru/books/421223/,"Эспозито Джон, Эспозито Ф.",Питер: Библиотека программиста,Нет в продаже,,,Отсутствует
Ruby на платформе Java,https://www.labirint.ru/books/273256/,"Эдельсон Джастин, Лю Генри",ДМК-Пресс,Нет в продаже,,,Отсутствует
JavaScript. Руководство разработчика,https://www.labirint.ru/books/289916/,Поллок Джон,Питер,Нет в продаже,,,Отсутствует
"Привет, JavaScript! Моя первая книга по программированию",https://www.labirint.ru/books/747832/,"Расторгуев И. С., Никольский А. П.",Наука и Техника,Нет в продаже,,,Отсутствует
"JavaScript на примерах. Практика, практика",https://www.labirint.ru/books/655305/,Никольский А. П.,Наука и Техника: На примерах,Нет в продаже,,,Отсутствует
Java SOAP,https://www.labirint.ru/books/324191/,Бекет Генри,Лори,Нет в продаже,,,Отсутствует
JavaScript на примерах,https://www.labirint.ru/books/562383/,Никольский А. П.,Наука и Техника: На примерах,Нет в продаже,,,Отсутствует
Самоучитель Java с примерами и программами,https://www.labirint.ru/books/387004/,Васильев А. Н.,Наука и Техника,Нет в продаже,,,Отсутствует
JavaScript. Руководство программиста,https://www.labirint.ru/books/190062/,"Вилтон Пол, МакПик Джереми",Питер: Библиотека программиста,Нет в продаже,,,Отсутствует
Современные Java-технологии на практике (+CD),https://www.labirint.ru/books/267925/,Машнин Тимур Сергеевич,BHV: Профессиональное программирование,Нет в продаже,,,Отсутствует
Java SOAP для профессионалов,https://www.labirint.ru/books/299603/,,Лори,Нет в продаже,,,Отсутствует
JAVA и CORBA. В приложениях клиент-сервер,https://www.labirint.ru/books/299594/,"Орфали Роберт, Харки Дэн",Лори,Нет в продаже,,,Отсутствует
Сила JavaScript. 68 способов эффективного использования JS,https://www.labirint.ru/books/393073/,Херман Дэвид,Питер: Библиотека специалиста,Нет в продаже,,,Отсутствует
Сценарии для Web-сайта: PHP и JavaScript,https://www.labirint.ru/books/268211/,Дунаев Вадим Вячеславович,BHV: Самоучитель,Нет в продаже,,,Отсутствует
"Java на примерах. Практика, практика и только практика",https://www.labirint.ru/books/634776/,"Сеттер Р. В., Яшин А. С.",Наука и Техника: На примерах,Нет в продаже,,,Отсутствует
Java руководство для начинающих,https://www.labirint.ru/books/231514/,Шилдт Герберт,Вильямс:,Нет в продаже,,,Отсутствует
"Веб-мастеринг на 100%. Изучаем HTML5, CSS3, JavaScript, PHP, CMS, AJAX, SEO",https://www.labirint.ru/books/364301/,Клименко Роман Александрович,Питер: На 100%,Нет в продаже,,,Отсутствует
Программирование на Java для начинающих,https://www.labirint.ru/books/531169/,МакГрат Майк,Эксмо-Пресс: Программирование для начинающих,Нет в продаже,,,Отсутствует
JavaFX 2.0. Разработка RIA-приложений,https://www.labirint.ru/books/327014/,Машнин Тимур Сергеевич,BHV: Профессиональное программирование,Нет в продаже,,,Отсутствует
Изучаем Java на примерах и задачах,https://www.labirint.ru/books/517270/,Сеттер Р. В.,Наука и Техника: На задачах и примерах,Нет в продаже,,,Отсутствует
Самоучитель Java с примерами и программами (+CD),https://www.labirint.ru/books/294635/,Васильев А. Н.,Наука и Техника: Самоучитель.,Нет в продаже,,,Отсутствует
Графика на JavaScript,https://www.labirint.ru/books/365030/,Чекко Рафаэлло,Питер,Нет в продаже,,,Отсутствует
JavaScript. Профессиональные приемы программирования,https://www.labirint.ru/books/176386/,Рейсиг Джон,Питер: Библиотека программиста,Нет в продаже,,,Отсутствует
"Создаем динамические веб-сайты с помощью PHP, MySQL и JavaScript",https://www.labirint.ru/books/261344/,Никсон Робин,Питер: Бестселлеры O`Reilly,Нет в продаже,,,Отсутствует
Веб-приложения на JavaScript,https://www.labirint.ru/books/339800/,Маккоу Алекс,Питер: Бестселлеры O`Reilly,Нет в продаже,,,Отсутствует
JavaScript: сильные стороны,https://www.labirint.ru/books/329963/,Крокфорд Дуглас,Питер: Бестселлеры O`Reilly,Нет в продаже,,,Отсутствует
"Как программировать на Java. Файлы, сети, базы данных",https://www.labirint.ru/books/221364/,"Дейтел Пол Дж., Дейтел Харви",Бином:,Нет в продаже,,,Отсутствует
Построение распределенных программных систем на Java,https://www.labirint.ru/books/586323/,Свистунов Алексей Николаевич,Просвещение/Бином: Основы информационных технологий,Нет в продаже,,,Отсутствует
"Eclipse: разработка RCP-, Web-, Ajax- и Android-приложений на Java",https://www.labirint.ru/books/368625/,Машнин Тимур Сергеевич,BHV: Профессиональное программирование,Нет в продаже,,,Отсутствует
"Веб-мастеринг на 100 %: HTML, CSS, JavaScript, PHP, CMS, AJAX, раскрутка",https://www.labirint.ru/books/246062/,Ташков Петр,Питер: На 100%,Нет в продаже,,,Отсутствует
"Веб-мастеринг на 100%: HTML, CSS, JavaScript, PHP, CMS, графика, раскрутка",https://www.labirint.ru/books/186488/,Ташков Петр,Питер: На 100%,Нет в продаже,,,Отсутствует
Node.js. Разработка серверных веб-приложений на JavaScript,https://www.labirint.ru/books/322389/,Хэррон Дэвид,ДМК-Пресс,Нет в продаже,,,Отсутствует
IntelliJ IDEA. Профессиональное програмирование на Java (+CD),https://www.labirint.ru/books/267841/,"Давыдов Станислав Валерьевич, Ефимов Алексей Алексеевич",BHV: В подлиннике,Нет в продаже,,,Отсутствует
Web-программирование на Java и JavaScript,https://www.labirint.ru/books/23515/,Гарнаев Андрей,BHV: Мастер,Нет в продаже,,,Отсутствует
Философия  Java. Библиотека программиста 3-е изд.,https://www.labirint.ru/books/30282/,Эккель Брюс,Питер: Библиотека программиста,Нет в продаже,,,Отсутствует
"Java 2, Enterprise Edition. Технологии проектирования и разработки",https://www.labirint.ru/books/24927/,Иванова Елена Борисовна,BHV: Мастер программ,Нет в продаже,,,Отсутствует
Алгоритмизация и основы объектно-ориентированного программирования на JavaScript. 10 класс,https://www.labirint.ru/books/300219/,Мартынов Николай Николаевич,Бином: СПО в средней школе,Нет в продаже,,,Отсутствует
jQuery. Новый стиль программирования на JavaScript,https://www.labirint.ru/books/231518/,Прохоренок Николай Анатольевич,Вильямс:,Нет в продаже,,,Отсутствует
Технологии программирования на Java 2. Распределенные приложения,https://www.labirint.ru/books/177251/,Дейтел Пол Дж. и др.,Бином:,Нет в продаже,,,Отсутствует
"Разработка iPhone-приложений с помощью HTML, CSS и JavaScript",https://www.labirint.ru/books/288828/,Старк Джонатан,Питер,Нет в продаже,,,Отсутствует
Java. Сборник рецептов,https://www.labirint.ru/books/11148/,Дарвин Ян Ф.,Питер: Для профессионалов,Нет в продаже,,,Отсутствует
JavaScript на примерах,https://www.labirint.ru/books/268158/,Климов Александр Петрович,BHV: На примерах,Нет в продаже,,,Отсутствует
Java и JavaScript,https://www.labirint.ru/books/299616/,Вейнер Питер,Лори,Нет в продаже,,,Отсутствует
100% самоучитель по созданию Web-страниц и Web-сайтов. HTML и JavaScript,https://www.labirint.ru/books/150443/,"Гаевский Александр, Романовский Владимир",Технолоджи 3000: 100% самоучитель,Нет в продаже,,,Отсутствует
"Как программировать на Java: Книга 2. Файлы, сети, базы данных",https://www.labirint.ru/books/132618/,"Дейтел Пол Дж., Дейтел Харви",Бином:,Нет в продаже,,,Отсутствует
JAVA 2 ME. Программирование игр для мобильных телефонов (+CD),https://www.labirint.ru/books/190863/,Моррисон М.,ДМК-Пресс:,Нет в продаже,,,Отсутствует
Программирование мобильных телефонов на  JAVA 2 Micro Edition (+CD),https://www.labirint.ru/books/168426/,Горнаков Станислав Геннадьевич,ДМК-Пресс: Мобильные технологии,Нет в продаже,,,Отсутствует
"Как написать безопасный код на С++, Java, Perl, PHP, ASP.NET",https://www.labirint.ru/books/187882/,Ховард Майкл и др.,ДМК-Пресс:,Нет в продаже,,,Отсутствует
Шаблоны проектирования в Java,https://www.labirint.ru/books/45790/,Гранд Марк,Новое знание:,Нет в продаже,,,Отсутствует
Самоучитель JavaScript. 3-е изд.,https://www.labirint.ru/books/173152/,Дунаев Вадим Вячеславович,Питер: Самоучитель,Нет в продаже,,,Отсутствует
Интернет-программирование на Java,https://www.labirint.ru/books/25347/,Будилов Вадим Анатольевич,BHV: Мастер программ,Нет в продаже,,,Отсутствует
JavaScript. Народные советы,https://www.labirint.ru/books/268161/,Дронов Владимир Александрович,BHV: Народные советы,Нет в продаже,,,Отсутствует
Современный сайт на РНР и JavaScript (+CD),https://www.labirint.ru/books/191234/,Колисниченко Денис Николаевич,Питер:,Нет в продаже,,,Отсутствует
Программирование на Java и C# для студента (+ CD),https://www.labirint.ru/books/365259/,"Герман О. В., Герман Ю. О.",BHV: Для Студента,Нет в продаже,,,Отсутствует
JavaScript. Экспресс-курс,https://www.labirint.ru/books/340523/,Дмитриева Марина,BHV: Экспресс-курс,Нет в продаже,,,Отсутствует
JavaScript в Web-дизайне,https://www.labirint.ru/books/23414/,Дронов Владимир Александрович,BHV: Мастер,Нет в продаже,,,Отсутствует
Платформа .NET для Java-программистов,https://www.labirint.ru/books/22245/,Гиббонз Пол,Питер: Библиотека программиста,Нет в продаже,,,Отсутствует
JavaScript на 100 %,https://www.labirint.ru/books/149839/,Днепров А. Г.,Питер: На 100%,Нет в продаже,,,Отсутствует
"Java 2, v5.0 (Tiger). Новые возможности",https://www.labirint.ru/books/513682/,Шилдт Герберт,BHV,Нет в продаже,,,Отсутствует
"Система программирования Java без секретов: Как создать безопасное приложение с ""нуля"".",https://www.labirint.ru/books/56787/,Фельдман Сергей,Новый издательский дом: Компьютерная литература,Нет в продаже,,,Отсутствует
Самоучитель JavaScript.- 2-е изд.,https://www.labirint.ru/books/25372/,Дунаев Вадим Вячеславович,Питер: Самоучитель,Нет в продаже,,,Отсутствует
Создание распределенных приложений на Java 2,https://www.labirint.ru/books/23483/,Хабибуллин Ильдар,BHV: Мастер,Нет в продаже,,,Отсутствует
Эффективная работа с Java 2,https://www.labirint.ru/books/6697/,Бишоп Джуди,Питер: Эффективная работа,Нет в продаже,,,Отсутствует
Разработка Web-служб средствами Java,https://www.labirint.ru/books/24324/,Хабибуллин Ильдар,BHV: Мастер программ,Нет в продаже,,,Отсутствует
Java/Самоучитель,https://www.labirint.ru/books/23468/,Хабибуллин Ильдар,BHV: Самоучитель,Нет в продаже,,,Отсутствует
Самоучитель JavaScript,https://www.labirint.ru/books/46983/,Дмитриева Марина Юрьевна,BHV: Самоучитель,Нет в продаже,,,Отсутствует
JavaScript,https://www.labirint.ru/books/38211/,Дмитриева Марина Юрьевна,BHV,Нет в продаже,,,Отсутствует
JavaScript/Быстрый старт,https://www.labirint.ru/books/23589/,Дмитриева Марина Юрьевна,BHV,Нет в продаже,,,Отсутствует
JavaScript. Просто как дважды два,https://www.labirint.ru/books/128123/,Рева Олег,Эксмо-Пресс: Просто как дважды два,Нет в продаже,,,Отсутствует
Мобильные развлечения: мелодии и Java-игры. Справочник,https://www.labirint.ru/books/57664/,Самутин Сергей,Майор,Нет в продаже,,,Отсутствует
"Мне было 12 лет, я села на велосипед и поехала в школу…",https://www.labirint.ru/books/200118/,Дарденн Сабина,Рипол-Классик: Бестселлер года,Нет в продаже,,,Отсутствует
JavaScript. Справочник,https://www.labirint.ru/books/1990/,Дарнелл Роберт,Питер: Справочники,Нет в продаже,,,Отсутствует
